,Unnamed: 0,row,col
0,65161,253,986
1,65162,253,988
2,65163,253,991
3,65164,253,992
4,65165,253,993
5,65166,253,994
6,65167,253,995
7,65168,253,996
8,65169,253,1009
9,65170,253,1010
10,65171,253,1011
11,65172,253,1012
12,65173,253,1013
13,65174,253,1014
14,65175,253,1015
15,65176,253,1016
16,65177,253,1017
17,65178,253,1018
18,65179,253,1019
19,65180,253,1020
20,65181,253,1021
21,65182,253,1022
22,65183,253,1023
23,65184,253,1024
24,65185,253,1025
25,65186,253,1026
26,65187,253,1027
27,65188,253,1028
28,65189,253,1029
29,65190,253,1030
30,65191,253,1031
31,65192,253,1032
32,65193,253,1033
33,65194,253,1034
34,65195,253,1035
35,65196,253,1036
36,65197,253,1037
37,65198,253,1038
38,65199,253,1039
39,65200,253,1040
40,65201,253,1041
41,65202,253,1042
42,65203,253,1043
43,65204,253,1044
44,65205,253,1045
45,65206,253,1046
46,65207,253,1047
47,65208,253,1048
48,65209,253,1049
49,65210,253,1050
50,65211,253,1051
51,65212,253,1052
52,65213,253,1053
53,65214,253,1054
54,65215,253,1055
55,65216,253,1056
56,65217,253,1057
57,65218,253,1058
58,65219,253,1059
59,65220,253,1060
60,65221,253,1061
61,65222,253,1062
62,65223,253,1063
63,65224,253,1064
64,65225,253,1065
65,65226,253,1066
66,65227,253,1067
67,65228,253,1068
68,65229,253,1069
69,65230,253,1070
70,65231,253,1071
71,65232,253,1072
72,65233,253,1073
73,65234,253,1074
74,65235,253,1075
75,65236,253,1076
76,65237,253,1077
77,65238,253,1078
78,65239,253,1079
79,65240,253,1080
80,65241,253,1081
81,65242,253,1082
82,65243,253,1083
83,65244,253,1084
84,65245,253,1085
85,65246,253,1086
86,65247,253,1087
87,65248,253,1088
88,65249,253,1089
89,65250,253,1090
90,65251,253,1091
91,65252,253,1092
92,65253,253,1093
93,65254,253,1094
94,65255,253,1095
95,65256,253,1096
96,65257,253,1097
97,65258,253,1098
98,65259,253,1122
99,65260,253,1136
100,65261,253,1137
101,65262,253,1143
102,65263,253,1144
103,65264,253,1145
104,65265,253,1146
105,65266,253,1147
106,65267,253,1161
107,65268,253,1162
108,65269,253,1163
109,65270,253,1164
110,65271,253,1165
111,65272,253,1166
112,65273,253,1167
113,65274,253,1168
114,65275,253,1169
115,65276,253,1170
116,65277,253,1171
117,65278,253,1172
118,65279,253,1173
119,65280,253,1174
120,65281,253,1177
121,65282,253,1178
122,65283,253,1179
123,65284,253,1180
124,65285,253,1181
125,65286,253,1182
126,65287,253,1183
127,65288,253,1184
128,65289,253,1185
129,65290,253,1197
130,65336,254,986
131,65337,254,991
132,65338,254,992
133,65339,254,993
134,65340,254,994
135,65341,254,995
136,65342,254,996
137,65343,254,1008
138,65344,254,1009
139,65345,254,1010
140,65346,254,1011
141,65347,254,1012
142,65348,254,1013
143,65349,254,1014
144,65350,254,1015
145,65351,254,1016
146,65352,254,1017
147,65353,254,1018
148,65354,254,1019
149,65355,254,1020
150,65356,254,1021
151,65357,254,1022
152,65358,254,1023
153,65359,254,1024
154,65360,254,1025
155,65361,254,1026
156,65362,254,1027
157,65363,254,1028
158,65364,254,1029
159,65365,254,1030
160,65366,254,1031
161,65367,254,1032
162,65368,254,1033
163,65369,254,1034
164,65370,254,1035
165,65371,254,1036
166,65372,254,1037
167,65373,254,1038
168,65374,254,1039
169,65375,254,1040
170,65376,254,1041
171,65377,254,1042
172,65378,254,1043
173,65379,254,1044
174,65380,254,1045
175,65381,254,1046
176,65382,254,1047
177,65383,254,1048
178,65384,254,1049
179,65385,254,1050
180,65386,254,1051
181,65387,254,1052
182,65388,254,1053
183,65389,254,1054
184,65390,254,1055
185,65391,254,1056
186,65392,254,1057
187,65393,254,1058
188,65394,254,1059
189,65395,254,1060
190,65396,254,1061
191,65397,254,1062
192,65398,254,1063
193,65399,254,1064
194,65400,254,1065
195,65401,254,1066
196,65402,254,1067
197,65403,254,1068
198,65404,254,1069
199,65405,254,1070
200,65406,254,1071
201,65407,254,1072
202,65408,254,1073
203,65409,254,1074
204,65410,254,1075
205,65411,254,1076
206,65412,254,1077
207,65413,254,1078
208,65414,254,1079
209,65415,254,1080
210,65416,254,1081
211,65417,254,1082
212,65418,254,1083
213,65419,254,1084
214,65420,254,1085
215,65421,254,1086
216,65422,254,1087
217,65423,254,1088
218,65424,254,1089
219,65425,254,1090
220,65426,254,1091
221,65427,254,1092
222,65428,254,1093
223,65429,254,1094
224,65430,254,1095
225,65431,254,1096
226,65432,254,1121
227,65433,254,1122
228,65434,254,1136
229,65435,254,1142
230,65436,254,1143
231,65437,254,1144
232,65438,254,1145
233,65439,254,1146
234,65440,254,1147
235,65441,254,1163
236,65442,254,1164
237,65443,254,1165
238,65444,254,1166
239,65445,254,1167
240,65446,254,1168
241,65447,254,1169
242,65448,254,1170
243,65449,254,1171
244,65450,254,1172
245,65451,254,1173
246,65452,254,1174
247,65453,254,1178
248,65454,254,1179
249,65455,254,1180
250,65456,254,1181
251,65457,254,1182
252,65458,254,1183
253,65459,254,1184
254,65460,254,1185
255,65461,254,1191
256,65462,254,1195
257,65463,254,1196
258,65464,254,1197
259,65510,255,848
260,65511,255,988
261,65512,255,989
262,65513,255,992
263,65514,255,993
264,65515,255,994
265,65516,255,995
266,65517,255,996
267,65518,255,997
268,65519,255,998
269,65520,255,1004
270,65521,255,1005
271,65522,255,1006
272,65523,255,1007
273,65524,255,1008
274,65525,255,1009
275,65526,255,1010
276,65527,255,1011
277,65528,255,1012
278,65529,255,1013
279,65530,255,1014
280,65531,255,1015
281,65532,255,1016
282,65533,255,1017
283,65534,255,1018
284,65535,255,1019
285,65536,255,1020
286,65537,255,1021
287,65538,255,1022
288,65539,255,1023
289,65540,255,1024
290,65541,255,1025
291,65542,255,1026
292,65543,255,1027
293,65544,255,1028
294,65545,255,1029
295,65546,255,1030
296,65547,255,1031
297,65548,255,1032
298,65549,255,1033
299,65550,255,1034
300,65551,255,1035
301,65552,255,1036
302,65553,255,1037
303,65554,255,1038
304,65555,255,1039
305,65556,255,1040
306,65557,255,1041
307,65558,255,1042
308,65559,255,1043
309,65560,255,1044
310,65561,255,1045
311,65562,255,1046
312,65563,255,1047
313,65564,255,1048
314,65565,255,1049
315,65566,255,1050
316,65567,255,1051
317,65568,255,1052
318,65569,255,1053
319,65570,255,1054
320,65571,255,1055
321,65572,255,1056
322,65573,255,1057
323,65574,255,1058
324,65575,255,1059
325,65576,255,1060
326,65577,255,1061
327,65578,255,1062
328,65579,255,1063
329,65580,255,1064
330,65581,255,1065
331,65582,255,1066
332,65583,255,1067
333,65584,255,1068
334,65585,255,1069
335,65586,255,1070
336,65587,255,1071
337,65588,255,1072
338,65589,255,1073
339,65590,255,1074
340,65591,255,1075
341,65592,255,1076
342,65593,255,1077
343,65594,255,1078
344,65595,255,1079
345,65596,255,1081
346,65597,255,1084
347,65598,255,1085
348,65599,255,1086
349,65600,255,1087
350,65601,255,1088
351,65602,255,1089
352,65603,255,1090
353,65604,255,1091
354,65605,255,1092
355,65606,255,1095
356,65607,255,1096
357,65608,255,1120
358,65609,255,1121
359,65610,255,1127
360,65611,255,1128
361,65612,255,1135
362,65613,255,1136
363,65614,255,1142
364,65615,255,1143
365,65616,255,1144
366,65617,255,1145
367,65618,255,1146
368,65619,255,1163
369,65620,255,1164
370,65621,255,1165
371,65622,255,1166
372,65623,255,1167
373,65624,255,1168
374,65625,255,1169
375,65626,255,1170
376,65627,255,1171
377,65628,255,1172
378,65629,255,1173
379,65630,255,1178
380,65631,255,1179
381,65632,255,1180
382,65633,255,1181
383,65634,255,1182
384,65635,255,1183
385,65636,255,1184
386,65637,255,1185
387,65638,255,1195
388,65639,255,1196
389,65683,256,987
390,65684,256,988
391,65685,256,990
392,65686,256,991
393,65687,256,993
394,65688,256,994
395,65689,256,995
396,65690,256,996
397,65691,256,997
398,65692,256,998
399,65693,256,999
400,65694,256,1000
401,65695,256,1001
402,65696,256,1002
403,65697,256,1003
404,65698,256,1004
405,65699,256,1005
406,65700,256,1006
407,65701,256,1007
408,65702,256,1008
409,65703,256,1009
410,65704,256,1010
411,65705,256,1011
412,65706,256,1012
413,65707,256,1013
414,65708,256,1014
415,65709,256,1015
416,65710,256,1016
417,65711,256,1017
418,65712,256,1018
419,65713,256,1019
420,65714,256,1020
421,65715,256,1021
422,65716,256,1022
423,65717,256,1023
424,65718,256,1024
425,65719,256,1025
426,65720,256,1026
427,65721,256,1027
428,65722,256,1028
429,65723,256,1029
430,65724,256,1030
431,65725,256,1031
432,65726,256,1032
433,65727,256,1033
434,65728,256,1034
435,65729,256,1035
436,65730,256,1036
437,65731,256,1037
438,65732,256,1038
439,65733,256,1039
440,65734,256,1040
441,65735,256,1041
442,65736,256,1042
443,65737,256,1043
444,65738,256,1044
445,65739,256,1045
446,65740,256,1046
447,65741,256,1047
448,65742,256,1048
449,65743,256,1049
450,65744,256,1050
451,65745,256,1051
452,65746,256,1052
453,65747,256,1053
454,65748,256,1054
455,65749,256,1055
456,65750,256,1056
457,65751,256,1057
458,65752,256,1058
459,65753,256,1059
460,65754,256,1060
461,65755,256,1061
462,65756,256,1062
463,65757,256,1063
464,65758,256,1064
465,65759,256,1065
466,65760,256,1066
467,65761,256,1067
468,65762,256,1068
469,65763,256,1069
470,65764,256,1070
471,65765,256,1071
472,65766,256,1072
473,65767,256,1073
474,65768,256,1074
475,65769,256,1075
476,65770,256,1076
477,65771,256,1077
478,65772,256,1078
479,65773,256,1080
480,65774,256,1081
481,65775,256,1082
482,65776,256,1083
483,65777,256,1084
484,65778,256,1085
485,65779,256,1086
486,65780,256,1087
487,65781,256,1088
488,65782,256,1089
489,65783,256,1090
490,65784,256,1091
491,65785,256,1092
492,65786,256,1120
493,65787,256,1121
494,65788,256,1127
495,65789,256,1133
496,65790,256,1134
497,65791,256,1135
498,65792,256,1136
499,65793,256,1142
500,65794,256,1163
501,65795,256,1164
502,65796,256,1165
503,65797,256,1166
504,65798,256,1167
505,65799,256,1168
506,65800,256,1169
507,65801,256,1170
508,65802,256,1171
509,65803,256,1172
510,65804,256,1173
511,65805,256,1177
512,65806,256,1178
513,65807,256,1179
514,65808,256,1180
515,65809,256,1181
516,65810,256,1182
517,65811,256,1183
518,65812,256,1184
519,65813,256,1195
520,65814,256,1196
521,65815,256,1197
522,65861,257,988
523,65862,257,989
524,65863,257,990
525,65864,257,991
526,65865,257,993
527,65866,257,994
528,65867,257,995
529,65868,257,996
530,65869,257,997
531,65870,257,998
532,65871,257,999
533,65872,257,1000
534,65873,257,1001
535,65874,257,1002
536,65875,257,1003
537,65876,257,1004
538,65877,257,1005
539,65878,257,1006
540,65879,257,1007
541,65880,257,1008
542,65881,257,1009
543,65882,257,1010
544,65883,257,1011
545,65884,257,1012
546,65885,257,1013
547,65886,257,1014
548,65887,257,1015
549,65888,257,1016
550,65889,257,1017
551,65890,257,1018
552,65891,257,1019
553,65892,257,1020
554,65893,257,1021
555,65894,257,1022
556,65895,257,1023
557,65896,257,1024
558,65897,257,1025
559,65898,257,1026
560,65899,257,1027
561,65900,257,1028
562,65901,257,1029
563,65902,257,1030
564,65903,257,1031
565,65904,257,1032
566,65905,257,1033
567,65906,257,1034
568,65907,257,1035
569,65908,257,1036
570,65909,257,1037
571,65910,257,1038
572,65911,257,1039
573,65912,257,1040
574,65913,257,1041
575,65914,257,1042
576,65915,257,1043
577,65916,257,1044
578,65917,257,1045
579,65918,257,1046
580,65919,257,1047
581,65920,257,1048
582,65921,257,1049
583,65922,257,1050
584,65923,257,1051
585,65924,257,1052
586,65925,257,1053
587,65926,257,1054
588,65927,257,1055
589,65928,257,1056
590,65929,257,1057
591,65930,257,1058
592,65931,257,1059
593,65932,257,1060
594,65933,257,1061
595,65934,257,1062
596,65935,257,1063
597,65936,257,1064
598,65937,257,1065
599,65938,257,1066
600,65939,257,1067
601,65940,257,1068
602,65941,257,1069
603,65942,257,1070
604,65943,257,1071
605,65944,257,1072
606,65945,257,1073
607,65946,257,1074
608,65947,257,1075
609,65948,257,1076
610,65949,257,1077
611,65950,257,1078
612,65951,257,1079
613,65952,257,1080
614,65953,257,1081
615,65954,257,1082
616,65955,257,1083
617,65956,257,1084
618,65957,257,1085
619,65958,257,1086
620,65959,257,1087
621,65960,257,1088
622,65961,257,1089
623,65962,257,1090
624,65963,257,1091
625,65964,257,1120
626,65965,257,1121
627,65966,257,1122
628,65967,257,1132
629,65968,257,1133
630,65969,257,1134
631,65970,257,1135
632,65971,257,1136
633,65972,257,1162
634,65973,257,1163
635,65974,257,1164
636,65975,257,1165
637,65976,257,1166
638,65977,257,1167
639,65978,257,1168
640,65979,257,1169
641,65980,257,1170
642,65981,257,1171
643,65982,257,1172
644,65983,257,1173
645,65984,257,1177
646,65985,257,1178
647,65986,257,1179
648,65987,257,1180
649,65988,257,1181
650,65989,257,1182
651,65990,257,1183
652,65991,257,1194
653,65992,257,1195
654,65993,257,1196
